From	To
P31750	11651
Q91V92	104112
Q60823	11652
Q9Z120	17299
P62754	20104
Q3UPF5	78781
Q61409	18576
Q60876	13685
Q8BSK8	72508
Q9QZQ1	17356
Q8K3A9	231803
O70405	22241
Q69ZS7	56422
Q3UR85	225908
Q9CW46	71766
P42128	17425
E9PYH6	233904
Q6P5E6	74105
P70445	13688
Q9CZU6	12974
Q8C4V1	231532
Q9Z2A0	18607
Q80UE6	69847
P35569	16367
Q00PI9	68693
P70227	16440
Q9Z1M4	58988
Q6PCP5	75734
P15208	16337
Q69ZW3	216565
P46662	18016
Q62273	13521
P56564	20512
Q80U44	218441
Q9WTQ5	83397
P80314	12461
P54729	53312
E9Q7G0	101706
Q80UJ7	226407
Q6ZPY7	277250
Q9DCN7	76892
Q8BTI8	75956
Q9Z1E4	14936
Q7TPD0	229543
Q6ZPS6	70797
Q3UMU9	15193
P81122	384783
Q6ZWQ0	319565
P18654	110651
Q8VBT9	68938
P54254	20238
Q62245	20662
Q3UYI5	71746
P63085	26413
Q501J6	67040
Q5ND34	192652
Q9ESC8	93736
Q8BHD7	230257
O88746	21968
Q9D2E2	68276
Q76LS9	75007
Q91WG5	108099
Q61823	18569
Q8C1D8	73473
Q8BJF9	68942
Q63844	26417
Q3ULW8	235587
Q8BG09	223693
O08796	13631
Q91XE4	71670
P56959	233908
P18653	20111
Q8C050	73086
Q8VEL2	97287
Q8C0M0	319481
Q5U3K5	227624
O08664	12055
Q9R049	23802
P59759	239719
Q61070	13663
Q9D1F4	67605
Q99N57	110157
Q60592	17776
B1AVH7	381605
F6ZDS4	108989
Q6ZQ58	73158
Q61532	50772
Q6PA06	56298
O88796	54364
Q9D0U6	68877
Q62179	20352
Q62036	12009
Q6P9S0	244654
Q6KCD5	71175
Q9ESN9	30957
Q8VDZ4	228136
Q62433	17988
Q8K4P0	74320
Q9CR55	66714
Q923J1	58800
A2A9C3	230676
Q99K28	77038
Q6NXJ0	52357
P59672	224650
Q4VAC9	263406
P49817	12389
Q99LI2	229725
Q9JKB3	56449
P62960	22608
Q9Z148	110147
Q8VI36	19303
Q5XJE5	235497
Q61084	26406
P51125	12380
Q9JJG0	57752
P60335	23983
Q9Z1T6	18711
Q91YM2	232906
Q3UYV9	433702
Q8BGI4	58909
Q9WTK2	12593
Q8BJ34	223989
Q8BGD9	75705
Q9R0A0	56273
Q8BHL8	228769
Q8BYJ6	210789
Q8CCJ3	67490
Q6PB70	382014
Q922B9	70599
Q8K1C9	230654
Q6P9Q6	338355
Q63918	20324
Q9D4H9	75725
Q9QYE6	27277
Q3TAA7	71728
Q9WVG6	59035
P54227	16765
P0C7T6	52335
Q09XV5	67772
Q8K2L8	217449
P61982	22628
Q60520	20466
Q9WU42	20602
Q80X50	74383
Q924A2	71722
Q8BUR4	330662
O70161	18717
Q9JL61	53970
Q9ESZ8	14886
Q9WVH4	56484
Q8BH31	72175
Q3UPH7	268739
Q9CWK8	67804
Q62511	109910
Q3TWL2	219024
P62082	20115
P97393	11855
Q8BKT7	107829
Q3UMC0	57815
Q8CDA1	101490
Q9ES00	63958
Q9DBG5	66905
O54918	12125
Q9Z2H5	13821
Q62210	11797
O54931	677884
Q68EF0	216363
Q8CHP5	78428
Q69ZH9	58996
Q9EPN1	26422
O88413	22158
Q9QX47	20658
Q6NZF1	70579
P61460	277854
Q9CT10	71810
Q7TNE3	216873
Q91ZP3	14245
O35216	12615
Q6QI06	78757
Q9D219	77578
Q7TSI1	353047
Q9D8N0	67160
Q6Y7W8	227331
Q6NS46	18572
Q9D2G5	20975
A2AAE1	229227
P70399	27223
O88286	22404
P56399	22225
Q9JJF3	71952
Q9Z2C4	53332
Q3U182	74343
Q9QYR6	17754
Q3TC46	225929
Q8BJL1	71865
Q6A065	545389
Q3USJ8	207278
Q8BG30	24116
Q9EQN3	78829
Q61165	20544
E9Q7D5	54324
Q61990	18521
Q8R373	71566
P07091	20198
Q8R0S2	232227
Q9R1E0	56458
P26039	21894
Q8BUH8	66315
P47809	26398
Q5SSH7	195018
Q8BJU0	52551
Q60760	14783
P41233	11303
Q0VBL3	229700
P21619	16907
Q80UP8	20516
Q924Z6	74204
Q3UHH1	268721
E9Q6J5	665775
Q6PEV3	68524
P51859	15191
Q68ED7	382056
Q02780	18027
P70671	54131
Q5SSL4	109934
P42227	20848
Q8CJ19	194401
Q9JLN9	56717
E9PZM4	244059
Q9D4J7	70998
Q5HZI1	102103
Q501J7	100169
Q9CY58	66870
O35954	18739
P55194	20401
Q8BJ05	75553
Q69ZR9	218850
Q67FY2	80288
B1AXH1	100042480
Q9DBY0	74123
Q64700	19651
A2ADY9	68817
Q9WTV7	19820
Q8C3P7	56335
P52479	22224
Q80YV2	232679
Q61818	19377
Q9D6Z1	67134
P26369	22185
Q8VD65	75669
Q99MZ3	58805
Q8BZ47	214812
Q08874	17342
Q5SNZ0	108686
Q9D7S9	76959
Q8BMS1	97212
Q8BYY4	69863
Q8K2H1	223828
Q9ER00	100226
Q3UDK1	231712
Q7TQ95	69605
Q61103	19708
Q6PEE2	269037
Q91WB4	71801
P16858	14433
Q99LJ0	80281
Q80XK6	76559
Q9JIH2	18141
Q8BI84	338366
Q9R123	56441
Q4KMM3	170719
A2AHC3	227634
Q5F2F2	67477
P70452	20909
Q3UHC7	69601
Q9CQ20	68041
P70290	17524
Q8R310	319880
Q9D394	52822
Q5BLK4	214290
Q91VY5	193796
Q3UE31	223739
Q3UHJ0	269774
Q922Y1	225896
B2RS91	106298
Q8C170	270163
O35495	18647
Q8N7N5	98193
Q8BRM2	98376
Q60749	20218
O35691	18949
Q8K194	66618
Q80TJ7	320595
Q69ZX6	74522
O08648	26407
Q571I4	244418
Q8BP71	93686
Q8CGZ0	27967
Q80X82	68188
Q99MS7	114601
Q923D5	60321
Q91Z96	140780
Q80U78	80912
Q8CBD1	268903
Q8C180	327826
Q8BY87	74996
Q8CDB0	17347
Q922P9	74022
O08785	12753
Q8CHI8	75560
Q8CBY8	67665
Q8K2F0	67382
Q9QXK2	58186
O08983	192236
P56480	11947
Q80U49	217882
Q9ERU9	19386
Q7TMQ7	101240
Q3UMB5	237782
Q9R0G7	24136
Q8C0V0	228012
Q61687	22589
Q5SPW0	245944
Q8BH50	212163
Q8K1R7	217718
Q9QYH6	94275
Q6PAR5	66691
Q62417	20411
Q6PD31	67095
Q9QYY0	14388
E9QAT4	227648
P04627	11836
Q8BG67	76740
O54724	19285
Q6PGL7	28006
A3KGS3	241694
A2A791	67785
Q9DBR7	17931
Q5EG47	105787
O70480	53330
Q8CFA1	108960
P40201	12648
Q80U72	105782
Q8K3I9	170772
Q80V94	108011
P23804	17246
P11031	20024
Q99PP7	94093
Q64127	21848
P53996	12785
P48678	16905
Q922M7	98404
A2AGT5	75786
Q80WC3	231861
Q3UHR0	268515
Q80WQ6	217344
O55239	18113
Q8K310	17184
P70265	18640
P16092	14182
Q8K4J6	223701
Q62130	19250
Q61686	12419
Q8VCQ3	641340
Q9D5V6	67043
P63024	22319
Q3UMT1	232807
Q8CHP6	241915
Q6EDY6	68732
Q8C9B9	23856
Q9WTU0	18676
Q8CCN5	192197
Q571K4	66724
O88271	23837
Q6NZJ6	208643
Q8CGB6	209039
Q7TMA2	218820
Q6AW69	68178
Q6P5E8	110524
Q3UMF0	319876
B1AY13	329908
E9Q5C9	70769
Q80XC3	98910
Q3TLH4	226562
Q6PAL7	230793
Q9QYG0	29811
Q91ZX7	16971
Q8BP27	67788
Q61425	15107
Q4V9W2	67288
Q7TSG2	67655
Q9Z0U1	21873
Q8BU85	320183
Q6ZPJ0	21763
Q8VBW5	70508
Q6PHZ5	109095
P23242	14609
Q8K245	78610
Q99KW3	110253
O08550	75410
Q2NL51	606496
Q3TKT4	20586
Q8VC03	225898
Q8BIW1	229589
A2AM29	70122
Q8K3Z9	107939
G3XA57	74998
P13516	20249
Q8CJ61	97487
Q9R0L6	18536
Q8K212	107975
Q3UHK6	23966
Q9QXL2	16564
Q99MR1	57330
Q3UHX2	231887
Q8BWW9	109333
Q8BZ32	75302
Q80TP3	70790
Q8BNW9	74901
P70255	18029
Q68FE6	75687
Q2TBE6	84095
Q6PHN9	77407
Q91X84	70461
Q9Z0H8	269713
Q91ZX6	75826
A6H8H2	329877
Q7TT50	217866
P97825	15374
Q9Z2B9	56613
P39447	21872
Q3U1T9	329260
Q9D516	67736
Q9JIX8	56215
Q80TE4	244668
Q6P4T0	329015
P70257	18032
Q9Z277	22385
Q7TPS5	74741
Q8R1Q8	235661
Q0KL02	223435
Q9R210	21425
P23950	12192
P58334	118445
Q8CFH6	235344
Q7TMY8	59026
Q8C1B1	67886
Q99K74	23989
Q9D2D7	78266
Q8C129	240028
Q6PD28	225849
Q9CRD4	52840
A3KGF9	214239
Q6P549	16332
Q14AX6	69131
Q8BZ03	101540
Q8R1F1	227737
Q9WTL8	11865
Q9EPQ8	21411
Q8R5H1	14479
Q6PDH0	102693
P98083	20416
Q5SVQ0	217127
Q920Q8	117198
Q9CQV4	67998
P19426	27632
Q9QWY8	13196
Q640Q5	72587
Q99LH9	79566
O88487	13427
Q8K558	71326
F7BJB9	338467
Q68FD5	67300
Q6ZWX6	13665
Q99JZ7	74155
Q9QXM1	57748
Q9Z2V5	15185
Q3TH73	117160
P70302	20866
Q6DVA0	224640
Q8VDR9	319899
P35710	20678
Q76KJ5	70333
Q921C5	76895
O54774	11776
P05202	14719
Q80U93	227720
Q9QYF9	29812
Q6P9R4	102098
Q6R891	217124
Q9WU22	19258
Q5DU09	268469
P06801	17436
Q9DBX1	66214
Q8VE11	219135
Q80TY0	14269
Q8BGZ4	52563
A2A690	77097
Q6PGN3	70762
P58871	228140
Q5UAK0	71148
Q8K387	77593
Q921C3	93871
Q7TPH6	105689
O54781	20817
Q99JT5	57896
Q569Z6	230753
B9EKI3	232286
Q6ZQH8	227699
Q3V0G7	99326
P70444	12122
A2RTL5	208606
Q9Z1R2	224727
Q9Z0F8	11491
P55937	269682
O54916	19707
Q5SSZ5	319939
Q5SX79	71774
O08715	11640
Q8C5L7	52202
Q9ERR1	83431
Q7TSI3	243819
Q8CI61	67384
Q99PT3	70020
Q9CX00	71955
Q52KE7	56706
Q80U35	207212
Q9CSP9	67120
Q8CJF7	226747
P50172	15483
Q80XQ2	72238
Q925J9	19014
O54988	20874
Q5DU37	211978
Q71FD5	387524
P28659	13046
Q9DC22	74106
Q8VCI5	19298
Q9ET54	72333
P97434	26936
Q3UFT3	381126
Q99MD8	80732
Q8VHK1	140721
Q64511	21974
P19096	14104
P61406	103677
O88456	12336
Q0VEJ0	225659
Q9CXF4	66687
P54103	22791
Q8C0T5	217692
O70472	56030
Q3U214	546071
P52825	12896
Q3UHI0	72972
Q5DTT3	105203
Q99JY0	231086
P49586	13026
Q99MI1	111173
P04117	11770
Q7TQH0	233871
Q9Z2U1	26442
E9Q9M8	101631
Q5I1X5	333654
Q9JIA7	56632
P08113	22027
P11499	15516
Q80U62	100502698
Q7TSC1	53761
Q9WV69	13829
Q8BVP5	103236
Q6XUX1	213452
Q6NXH3	73274
Q8BH64	259300
Q91Z67	14270
O70400	54132
Q80Y56	78287
P31938	26395
Q63932	26396
B2RY04	68813
Q8CDU4	320118
P23949	12193
Q3TCJ1	109359
Q8R0J4	66990
P13864	13433
Q62418	13169
Q8VD75	215114
Q7TT28	66932
Q9EPK5	97064
Q8VCF0	228607
Q9WTR6	26570
Q9Z1Z2	20901
Q7TT00	56790
Q640L3	72278
Q811P8	330914
Q9CRB9	66075
Q3UHF7	15273
O35350	12333
Q5NCI0	72046
Q8BKI2	213988
O54879	15354
P46938	22601
Q99PP2	57908
Q8C9S4	213993
Q91VS8	227377
Q9CZJ2	72630
Q08122	21887
Q9EP71	75646
P97868	19647
Q8BH66	73991
Q8CI51	56376
Q922G2	230789
Q8VE94	104943
Q64028	13619
B1AY10	74164
A2AWL7	29808
Q3UJB9	234699
Q8VHX6	68794
Q91W59	56878
Q8BJS4	223697
Q8K2P2	239463
Q8BVI5	228960
Q61937	18148
O89032	14218
Q6PDJ6	213499
P43276	56702
Q8C4S8	209773
P59110	223870
Q8BGW2	226178
Q9QYB5	27360
Q9D7A8	74252
Q8BU11	268741
Q5NCR9	237859
Q9Z2D8	17192
Q01279	13649
P62821	19324
Q9D1G1	76308
Q9R0Z9	50768
Q8K120	73181
Q91VE6	67949
Q9ER64	79196
Q9D6R2	67834
Q02111	18761
Q99JX3	70231
Q99PM9	80914
Q5NCY0	216850
Q6A0A2	217980
Q9JK92	80888
P38647	15526
Q8R4U7	269593
P67778	18673
Q9DC28	104318
Q9DCC8	67952
G5E8B9	271377
Q8R4R6	69482
Q8C052	270058
Q80V24	232334
Q9QY01	29869
P16951	11909
Q01063	238871
Q3TEI4	74211
O89086	19652
Q3UCQ1	68837
E9Q6P5	104718
Q80TS5	94187
Q5DTX6	240185
P20152	22352
Q9QZW0	320940
Q3UU96	226751
P70295	11993
Q8R316	73389
Q91ZU6	13518
Q8CCI5	56353
Q9Z2S7	14605
Q6P1H6	71782
O55098	20868
Q70FJ1	100986
O89110	12370
Q7TPV4	18432
Q8K327	101994
Q9R207	27354
A2RSJ4	75089
P61620	53421
Q6PDG5	68094
Q8CFD4	231834
P52734	14163
Q8K2D3	353190
Q9QXS1	18810
Q6PDM1	74026
P58468	108707
A2ABV5	26896
Q8BH95	93747
Q6P2L6	234135
P23116	13669
P97412	17101
Q8C6B2	20166
Q6DFV7	211329
Q8VD04	54645
Q4U2R1	15204
Q91XU0	78903
O08810	20624
Q9EQ20	104776
Q9Z2F7	12177
Q2KN98	74392
Q505F1	22025
Q9DBV3	71723
Q8BWR4	227334
P97784	12952
O88738	12211
P41969	13712
D3YZP9	76551
Q5RJH6	226517
Q9JMB0	56278
Q9CR37	66496
E9Q3L2	224020
Q6NZM9	208727
Q8K221	76932
Q6ZPJ3	217342
Q3UH68	77569
Q99P72	68585
Q91X51	74498
Q8BX17	216766
O35382	20336
Q64430	11977
Q7SIG6	211914
Q9CXK9	381626
Q62167	13205
Q69ZK6	108829
Q5SWU9	107476
Q3UR97	101113
Q80UU9	70804
Q11011	19155
Q61286	21406
Q61191	15161
Q9Z223	17434
P47713	18783
Q62077	18803
Q5XG73	74159
Q8BKX6	233789
Q9D6U8	70186
Q99L45	67204
Q3UW53	63913
Q68FD7	216742
P20029	14828
B9EJ80	107368
P62192	19179
Q5PSV9	240087
Q8BWZ3	231713
Q8BIW9	214901
E9PYK3	328417
Q3TXS7	70247
P51141	13542
Q60838	13543
Q8CBY1	74480
Q9DB52	68034
Q8VHR5	229542
Q6PIJ4	235134
P46638	19326
P08775	20020
Q8VBT6	171504
Q6ZPI0	269424
Q91VW5	54214
Q8CB77	27224
Q80WJ7	67154
P59808	70097
O88291	54367
Q9Z0R4	16443
Q05512	13728
Q9DBS9	71720
P52480	18746
P13707	14555
P15975	99526
Q9D8S3	66251
Q9JJZ6	50794
Q07646	17294
Q60929	17258
Q9CQT2	67010
Q8VEF1	52857
Q5F2E7	68564
Q7M6Y3	233489
Q3TVI8	229534
Q99L90	51812
Q9JI10	56274
Q3UHQ6	70028
Q8VDJ3	110611
Q04857	12833
Q6ZPY5	668501
E9Q309	74081
Q62504	56381
P09103	18453
Q9JHI2	30947
O35927	18163
P59438	246694
Q8CBC4	226744
Q9DBC3	74157
O08609	21428
Q61193	19732
Q9QZK2	29815
Q8VED9	216551
Q8VE99	69668
Q62383	20926
Q80TZ9	68703
P01027	12266
P06537	14815
Q9JLQ0	12488
Q9JID9	23921
Q9WUM3	23789
Q9WVC3	12390
Q80X80	71764
Q9DB77	67003
Q69ZS0	55983
Q3UH06	68750
Q6P4S6	70661
Q69ZA1	69562
Q8R3Q0	67887
Q7TN75	170676
Q9D0J8	69202
O55187	12418
Q9QYC0	11518
Q7TPM1	227723
Q6NVF4	117599
O70475	22235
Q6NXI6	75137
Q5EBG6	243912
Q4VGL6	381305
Q8K2A7	70885
Q9R1P4	26440
Q6ZPT1	242521
Q9D906	74244
P28028	109880
O35613	13163
Q8CDG3	70675
Q8BRT1	76499
Q0VGB7	232314
P51660	15488
P59114	228866
Q8K1M6	74006
Q65Z40	218914
Q9EP53	64930
Q9CQ49	68092
Q9JKS4	24131
Q6DFV3	71435
Q6Y5D8	78514
O88492	57435
Q9WVL3	20499
Q91YK2	72462
Q80U58	80913
O70305	20239
Q921H8	113868
Q00612	14381
Q8R3D1	70296
P58501	67367
Q5KR48	497015
Q0VGY8	66860
Q04690	18015
Q69Z89	231858
P47856	14583
Q9D8U8	69178
Q9WTK0	56312
Q9JM13	56715
Q9Z329	16439
P37040	18984
Q8R3C0	210711
P07901	15519
Q3TIR3	101489
Q58A65	70834
Q8BX02	235041
Q8BHL3	68449
Q8CI94	110078
P14404	14013
Q8CJ53	106628
Q05D44	226982
G3X9K3	211673
Q61235	20650
Q6P9R1	69663
Q9R117	54721
Q91W50	229663
O35671	16413
P47791	14782
Q9DBD5	75273
Q8CGF1	214137
Q920S3	67210
Q61171	21672
Q6PFD9	269966
Q80W71	231999
Q80U56	78937
Q9CYZ2	66314
Q91ZV3	73379
P14152	17449
P38532	15499
Q9DBJ1	18648
Q62311	21343
Q61211	16865
Q7TN99	208922
Q63829	12238
Q8BUV3	268566
Q148V8	105732
Q9CR86	52502
Q61210	16801
Q9D1L0	14004
Q99K90	68652
P17665	12867
Q921E6	13626
Q9QYS9	19317
P28700	20181
P02672	522039
Q3TCX3	74200
Q6NSQ7	353258
Q9JM96	56699
Q8K337	16330
P48962	11739
P51881	11740
Q61337	12015
Q8BGR2	231549
Q80XI4	108083
O88569	53379
P34152	14083
P70175	53310
Q9Z266	20615
E9Q7E2	77044
P41230	20591
Q91VH2	66616
Q9CQC5	260409
Q99KG7	192232
Q03141	17169
Q6ZPR6	108837
P70296	23980
Q8BYR2	16798
Q5SV85	217030
Q3TWW8	67996
P70398	22284
Q6V4S5	237979
P53995	17222
P32921	22375
P25425	18986
Q60598	13043
P27546	17758
Q9JII1	64436
P70404	15929
Q8C0D4	75415
Q8CE90	26400
P68181	18749
P49117	22026
Q80XI3	230861
A2AIW0	68112
Q8C033	234094
Q9ES34	117146
A2AJI0	245877
O08749	13382
Q9CPR4	319195
P58252	13629
E9Q1P8	270110
P40630	21780
Q921F2	230908
O54967	51789
P47738	11669
Q9Z103	11538
Q99MJ9	94213
Q8QZS3	216805
Q8K2Y9	216527
Q8BWW4	207214
Q9D2G2	78920
Q9CS00	70312
E9Q5F9	235626
Q9D0N7	110749
Q8JZQ9	27979
Q7TPN9	233895
Q9D6W8	71923
P29341	18458
Q8CGK3	74142
Q3U7R1	23943
Q3V1V3	66580
Q6NS57	26390
P15806	21423
Q80TG1	76719
P59017	94044
Q8BJ56	66853
Q08509	13860
Q61335	27061
Q8C838	237858
Q7TQC5	66408
Q8BKR5	232947
Q8BGV8	239555
Q6P9Q4	234686
Q9CRA0	109978
P0C8B4	100233175
P50096	23917
Q8BR92	677884
Q8BKX1	108100
Q60931	22335
Q60605	17904
Q8R3C6	74111
B1AYB6	109241
P80318	12462
Q921T2	208263
Q80Y17	16897
Q6NV83	67958
A8Y5H7	74136
Q8BL48	217331
Q8BMP6	170760
Q91YD9	73178
Q9D5R2	70948
Q921G6	231798
Q62318	21849
Q61136	19134
Q9WUU8	57783
E9Q137	21767
Q8BT14	53621
Q80X71	71900
Q3UVG3	210998
Q9WVS7	23938
E9Q394	75547
P47754	12343
Q6PDL0	234663
Q9DBL1	66885
Q8CGI1	231128
O35984	18515
Q8C142	100017
Q9ESN6	80890
Q62523	22793
Q7TPE5	66432
Q99K01	94184
Q61457	12447
Q8BGT6	27008
P35831	19248
Q6PDQ2	107932
P56695	22393
P05213	22143
P68373	22146
O88532	22763
Q8CJG0	239528
Q9DAT2	73247
Q924M7	110119
Q6PR54	51869
P0C090	319817
A2A432	72584
P62702	20102
Q60875	16800
A2A6A1	237943
Q9WVK4	13660
Q99104	17918
F8VPQ2	238247
Q9Z1K5	23806
Q04736	22612
Q9D1P2	67773
P80315	12464
Q8VDQ8	64383
Q64092	209446
Q80VP1	13854
P70288	15182
Q9DBJ3	66898
Q811D0	13383
Q68FF6	216963
Q8R0T2	233890
P54775	23996
Q8R2M2	99480
Q9R020	53861
P35601	19687
Q99J77	94181
Q9JKF1	29875
Q9CWY3	66083
Q03265	11946
P18760	12631
Q9JLV1	29810
Q62261	20742
Q3KNJ2	75570
P97480	14050
Q60925	13170
Q8BGQ7	234734
Q80Y83	330938
Q5U4C3	233208
P59997	225876
Q8BP47	70223
Q9D2Q3	68277
Q9JIK5	56200
Q8C9X6	13831
O09106	433759
O54943	18627
Q61598	14569
Q9CQ56	67023
P97863	18028
O70496	26373
F8VPU2	223254
Q8K4L3	225115
Q6PNC0	240283
Q64449	17534
P42567	13858
O35492	102414
P63017	15481
Q8K1G2	68525
Q9D3S3	74478
O88343	54403
Q8BU14	69276
P62908	27050
P16045	16852
P53566	12606
Q8BMF4	235339
Q70IV5	233335
Q62446	30795
P83741	232341
Q08943	20833
Q9JM55	57259
O70318	13822
Q6ZQ93	17847
Q9CZN7	108037
Q8R180	50527
Q6ZPQ6	19679
G5E8P1	223770
Q8K3X4	238330
P23708	18044
Q8BWM0	96979
Q91YD3	75901
Q61510	217069
Q62165	13138
Q6IR34	67839
Q9DBU6	66880
Q80VJ2	24068
Q9D0F9	72157
Q9DBR4	11787
Q9D1P4	66917
Q8VHQ4	224624
A2AG58	382252
Q8BLK9	320119
P11152	16956
O35643	11764
P18052	19262
Q9D024	67163
Q91VN4	66098
Q9Z2B5	13666
Q8BI72	70925
Q61768	16573
Q02053	22201
P26443	14661
Q3U9G9	98386
Q3U0M1	76510
Q99L48	97112
P61979	15387
Q921I6	98402
Q05AH6	68229
Q8R5K2	170822
Q8K2Y3	230752
Q99KG3	236732
O55003	12176
Q9Z0X1	26926
Q8R3B7	78656
Q9EQQ2	67180
Q3B7Z2	76303
Q8K0T2	213575
P40142	21881
Q9CQV8	54401
Q60722	21413
Q91W39	228869
Q80XI6	26403
Q3U2K0	212483
Q8CD94	217708
A2AR02	228005
Q9CZX7	72519
P39053	13429
Q06890	12759
Q03173	13800
Q9QUR6	19072
Q9DBH5	66890
Q3V1T4	56401
Q920I9	104082
Q9D051	68263
Q8VDV3	74760
Q91VM5	19656
O88845	56697
Q80TH2	59079
Q56A10	269023
Q9Z1D1	53356
Q8K4G5	226251
P05627	16476
Q3UTZ3	231807
Q7TT18	54343
Q9CQC9	66397
Q52KI8	51796
P48377	19724
Q8C8U0	67533
P97310	17216
Q6NZE7	78755
Q8BX09	213464
Q9CQS4	67453
Q8K382	227801
Q76MZ3	51792
Q570Y9	97998
P81117	53322
P47934	12908
Q8R550	58194
Q6ZPZ3	330474
Q60575	16561
P61358	19942
P08003	12304
Q8R0W0	223650
Q8CIN4	224105
P70193	16206
Q61127	17937
Q8BWQ6	71517
O09044	20619
Q3TUF7	208146
Q8C0E3	217333
Q99PL5	81910
Q811L6	328329
Q01237	15357
Q3UDW8	52120
Q8C5N3	80744
Q8BZR9	66874
Q99P88	170762
A2AJ88	241274
Q9Z2A7	13350
Q8BGF7	103135
P59913	319263
Q91V09	73447
Q8VE37	100088
Q64727	22330
Q8CIE6	12847
Q9QVP9	19229
Q3UKC1	52440
Q91VR2	11949
Q8C163	208194
Q8K019	72567
P59764	238130
Q9JKQ4	54352
Q64010	12928
O35129	12034
Q5BL07	71382
Q8C6M1	74270
P35639	13198
Q69ZF7	94220
Q9JKS5	56541
Q9R0A1	12724
O88888	57267
Q3UVR3	140810
P49282	18174
Q9QZD8	27376
Q921G7	66841
Q8BMB0	233545
Q9ESV0	27225
Q8C5L3	72068
O88844	15926
Q9ERH7	15259
Q62419	20405
Q99K24	106947
O35551	54189
A6H619	101471
Q8CCJ9	239510
Q8VEK3	51810
Q60864	20867
Q04735	18555
Q9CY45	68043
Q3U3E2	72750
P63038	15510
Q9WUA3	56421
Q9D684	74030
Q6GYP7	56784
Q921K9	12054
Q9EP97	80886
P06151	16828
Q812A5	109270
Q9CQ26	70527
Q8JZP9	78926
Q9JHU4	13424
Q9CZ62	74201
Q5XJV7	72895
P54728	19359
P14211	12317
Q8BMK4	216197
Q99NH2	93742
Q99NH0	81702
Q8K010	75475
Q80TY5	666173
Q8BGU5	67974
Q99020	15384
Q6P5F9	103573
Q8R361	52055
Q91WG2	70314
P22893	22695
Q80WC1	320538
Q76KF0	214968
Q924K8	116871
P61205	11842
Q8R5A3	54519
Q8K2J0	72469
Q9D281	68303
Q9WTP2	24066
Q99KI0	11429
Q9Z2Q2	66356
Q8VEG6	231464
Q4VA53	100710
Q8C079	229707
Q9DCW4	110826
P59178	214669
Q3U898	66915
Q60902	13859
Q5SF07	319765
Q9CPN8	140488
P58044	319554
Q9DBY1	74126
Q8BH07	65103
Q8CGN5	103968
Q9CQ62	67460
P70121	22770
Q28107	280687
Q9CYC6	70640
Q9D9B7	76627
Q6PDH4	223332
Q8JZZ6	225339
Q9DBN4	97820
Q5SVR0	76795
B2RXR6	329154
Q3UXZ9	214899
Q8BIJ7	216724
Q69ZL1	13998
Q8BX70	320528
Q8C2Q3	56275
Q9EQP2	98878
Q920E5	110196
P24270	12359
Q8BWJ3	110094
Q7TSH8	71947
Q6PAM1	109658
Q9ES28	54126
Q6A068	71702
P47968	19895
P17751	21991
B2RX14	230594
Q9D483	74414
Q9CU65	76007
P15261	15979
P10649	14862
P35235	19247
Q8R3Y5	66367
Q9D666	77053
Q8BSF4	320951
Q8CIV2	216157
P09242	11647
Q8K2K6	15463
Q02788	12834
Q9CPQ3	223696
Q9DB90	71997
Q3TQF0	76454
P01966	100140149
P01966	512439
P97798	18007
Q8CI08	75991
O08528	15277
Q922Q8	98238
Q8CBY3	232798
P54116	13830
P70279	20935
Q9EPB5	68607
P55264	11534
Q6P5F7	78339
Q8K5B2	193813
Q8CFE6	67760
O08784	21453
Q8R0A0	68705
P08074	12409
P70451	14158
Q8K1L5	76497
Q91VU8	84113
Q99PL6	66530
Q9QYR9	171210
Q9D074	17237
Q6PAM0	108097
Q9R0U0	14105
P68510	22629
Q9D819	67895
Q8VBW6	234664
Q9DCB1	94353
Q8K0L9	56490
Q80TQ5	69582
A2AKB9	242418
Q99NG0	81000
P28474	11532
Q8R3Y8	272359
Q8BL97	225027
Q9DCB4	74100
Q71LX4	70549
P09411	18655
Q80TR8	321006
P50396	14567
Q99PU7	104416
Q9D3B1	70757
Q9D1J1	66147
Q6PAL8	19347
P54310	16890
Q9R1P3	26445
Q9CYA6	70650
Q8BPN8	235380
Q3KNM2	69104
Q9QUI0	11848
P38060	15356
Q7TSH3	329003
Q6A4J8	252870
Q9EPC1	57342
Q62407	11790
Q8C5W3	272589
P14869	11837
Q60665	20482
Q505F5	72946
Q80YS6	70292
O35945	26358
P97379	23881
Q8BT07	74107
O08599	20910
Q8R149	215051
Q8C0V9	319710
B1AZP2	228836
B1AVY7	16558
P34884	17319
P02081	511735
P05064	11674
P15105	14645
A2AF47	75974
P99027	67186
E9Q4F7	77087
P97820	26921
P41216	14081
P07356	12306
Q6VNB8	72145
Q8C4Y3	58202
Q80W47	74781
Q61464	18139
O35730	19763
Q4VBD9	74533
Q8VCK6	233079
Q80WG5	241296
Q60676	19060
Q9ESJ0	57258
Q8CH18	67500
Q9CVD2	110616
Q8K371	56332
Q9ERG2	94186
Q9QYK7	29864
Q61033	21917
Q8R3S6	69940
Q8K009	216188
P37238	19016
O35841	11800
P70195	19177
P17225	19205
P62827	19384
Q99MP8	72399
Q9DCD5	74094
O35326	20384
O35493	12750
P22518	12747
Q9D0K2	67041
Q8K1N2	208177
Q6P542	224742
Q8CIB5	218952
Q8BQM4	234549
Q3UJD6	71472
A2AG50	78283
Q9WV02	19655
Q64467	14447
P16054	18754
P70429	14026
Q9R1Q6	65963
P35123	22258
Q99M03	53858
Q61879	77579
P25206	17215
Q3TIX9	28035
O35855	12036
P70365	17977
Q9DBT3	52132
Q68ED3	214627
Q7TPQ3	268281
O55201	20924
P98078	13132
Q9CQ22	66508
E9Q236	239273
Q64318	21417
Q9D1A2	66054
P28352	11792
P83093	116873
Q9DCN2	109754
P35486	18597
Q60932	22333
Q9CX84	56470
P12970	27176
Q3V3Q7	217893
Q99K85	107272
Q8VIG1	19712
P54726	19358
Q9CY64	109778
P80316	12465
Q810L3	231600
P16301	16816
O35071	16562
P0DOV1	381308
Q9Z1N5	53817
Q8CFE4	213326
O35491	12748
Q8BMG7	98732
Q3UPL0	69162
Q8R1N0	66983
Q91YN0	28040
O08539	30948
Q8VBX6	17475
P14733	16906
Q9WVA2	30058
O35887	12321
P11416	19401
Q9Z2D1	77116
P57776	66656
Q8R3N6	225160
A2AGH6	59024
P54822	11564
Q5DTU0	226250
C0HKD8	100034361
C0HKD8	67532
P10126	13627
P57780	60595
Q7TPR4	109711
E9Q784	67302
P43274	50709
P15864	50708
P43277	14957
P05132	18747
Q00731	22339
Q9CZK6	72615
P31096	281499
Q0GNC1	70435
Q9D883	108121
P70698	51797
P51432	18797
P62983	78294
Q922R8	71853
Q61144	19165
Q8CAQ8	76614
P28033	12608
Q8BZH4	229584
Q9Z1X4	16201
O09167	19933
Q9CU62	24061
A2ARP1	327655
Q6PGB8	93761
Q78HU3	73711
Q9JI11	58231
Q9Z1J2	23955
Q8R0H9	106039
Q01853	269523
A2AN08	69116
P62900	114641
P45952	11364
P70459	13875
Q80XU3	98415
Q80ZI6	227738
Q9JK91	17350
Q9Z1Y4	22051
P30415	18087
Q3TLD5	19777
Q9Z0U0	19775
Q9CQQ7	11950
P31324	19088
Q7M753	74450
P53564	13047
Q8JZX4	76938
P46467	20479
Q8BWT1	52538
Q9D9K3	74268
Q9D727	67101
Q8BXQ8	66306
Q7TN02	70625
O35126	13498
Q8CCA0	100737
Q91ZJ0	71711
Q8JZU2	13358
P62889	19946
O70546	22289
Q6P4S8	68510
G5E870	14897
Q8CFJ9	268933
Q9CQN1	68015
Q91VW9	72739
Q9EPU4	94230
Q923W1	116940
P80313	12468
Q3TSG4	268420
Q99NF3	83922
Q60855	19766
P55096	19299
Q6P5E4	320011
Q7TN98	67579
Q80XJ3	209683
Q8BTV2	269061
Q3U1V6	54122
Q91YU8	235036
P97819	53357
E9Q3C1	207781
Q99M51	17973
Q9R0Q7	56351
P60710	11461
P63260	11465
P00520	11350
P14901	15368
Q9Z0E8	20520
P58686	73737
Q924Z4	76893
Q8BIJ6	381314
P62317	107686
Q6NZN0	74213
Q7TMF2	67276
O35099	26408
Q6PD03	226849
Q922R0	19108
Q8C0J6	268301
A2BH40	93760
Q91V04	72265
Q9CZL2	70617
Q9JMC3	58233
Q9CZ13	22273
Q9CXE2	77045
Q9Z1B8	21652
Q3UM45	66385
A2A5R2	99371
Q9D771	66950
O08580	26379
P02663	282209
Q8K1L6	68918
Q1HFZ0	28114
Q91X21	77034
Q99KR6	80751
Q9R1C7	56194
Q8K021	107767
A2A8Z1	100273
Q62187	22130
Q61771	16569
P10107	16952
P63242	276770
Q9JLJ2	56752
Q8BG48	98267
Q9JIG4	54646
Q14B98	338368
Q99K70	54170
Q3UQI9	330323
Q9DCL8	66849
Q07243	17764
Q60597	18293
P59325	217869
P41158	13714
Q91WE1	69024
Q9D9U9	71870
Q80TM6	71750
P97473	21357
Q99KQ4	59027
P52293	16647
Q8C5Q4	231413
Q9WVM3	56317
Q8JZK9	208715
Q8K1S3	107449
Q9EPU0	19704
Q922J3	56430
Q8CJ40	230872
B9EJ86	237542
Q9Z2X1	98758
P08121	12825
P60843	13681
Q9D4H1	66482
P35564	12330
Q61183	18789
Q8C0L8	238123
Q78IK2	66477
Q9D4H2	74375
Q8K2B3	66945
Q61624	22661
Q9WVG9	17692
P49070	12328
Q8R2X8	66352
Q9D3X9	71306
B2RY56	67039
Q8K1H7	216198
Q9DC29	74104
D3YXK1	666704
Q923B1	83703
Q78WZ7	28071
Q60994	11450
O88685	19182
Q80TF3	279653
Q80TV8	76707
P62869	67673
P97927	16775
Q8CG79	209456
Q07231	22697
Q8CH77	215690
Q923T9	12325
Q9CQJ4	19821
Q9CR84	11951
P63325	67097
Q9D8S9	69168
Q3U3C9	382034
Q8BXJ2	224829
Q9D0B0	108014
Q9Z2C5	17772
Q9CQK1	448850
Q9CRD0	68095
Q64337	18412
Q9Z204	15381
P54071	269951
O70435	19167
Q8BGR5	77938
Q9D892	16434
Q61584	14359
Q9ESF1	83762
Q9JM61	56229
Q8BZQ7	99152
P51410	20005
P52592	14739
Q8BGC0	72459
P25444	16898
Q8R0A2	235132
Q9WTS2	53618
P35505	14085
P36916	14670
Q99PG2	72075
P46061	19387
Q61160	14082
Q8CJ26	67169
Q99LH2	19210
Q6NZP2	77110
P61027	19325
Q8VHE0	140740
P62071	66922
Q9JJ28	14248
Q69ZZ6	330401
Q9D0M3	66445
Q9QXH4	16411
Q8R2U0	72124
Q9JJC9	80517
Q9JIL5	68842
Q9JHY3	192200
P70188	16579
Q6PCQ0	74239
Q8C078	207565
Q8CE72	73692
Q9Z239	56188
Q9CY24	67706
Q3UIA2	70497
Q61216	17535
Q8BL80	239027
Q6NVE8	72404
Q9JM52	50932
P26645	17118
Q9EST5	67628
P70333	56258
E9Q5K9	231386
P99024	22154
P68372	227613
Q923Q2	243362
P70210	21678
Q8C0E2	69091
Q9ERS5	83436
P31786	13167
O70404	22320
Q66T02	269608
Q8VDM6	232989
P50580	18813
Q7TNF9	215512
O54998	14231
P13020	227753
O35685	18221
P40124	12331
Q99MR8	72039
O35153	54399
Q3U8K7	225888
Q3UVL4	68505
P51954	18004
P12382	18641
Q0P678	76014
Q9Z248	11569
Q8BJ51	69900
Q9DCN1	67993
Q91WG4	58523
P15066	16478
P25962	11556
Q9CQG2	67493
Q8CHX7	74013
B2KF05	268936
O55234	19173
P58058	192185
P32507	19294
Q8CHQ0	106052
Q6S5J6	79264
Q9JHI5	56357
Q9Z0P4	18483
Q9WV55	30960
Q91YE7	83486
Q9ESL4	65964
A2AUY4	407823
Q8BH04	74551
Q9QUM9	26443
Q9QXE0	56794
Q80VP0	70381
Q6NXY9	67486
Q8VDY9	67770
O09174	17117
Q91VS7	56615
Q8CF60	74120
Q6RHR9	14924
Q8R326	66645
Q8BFX1	108660
P62996	20462
Q9JK53	116847
P49312	15382
Q9CQ33	66863
Q6NSR8	228961
Q80ZK9	230796
P27773	14827
Q9CYG7	67145
Q99K41	100952
Q9Z2I9	20916
O70310	18107
Q91YH5	109168
A2CG63	94246
Q8K3W3	192160
Q8BTT6	215193
O35874	55963
Q3UZ01	67225
B2RWS6	328572
Q924H7	225131
Q99L43	110911
B2RVL6	71918
Q8BTW9	70584
Q8BIH0	269003
Q922B2	226414
Q8R035	68572
Q8CC88	219189
P27659	27367
A2ALW5	72429
P17182	13806
P17182	433182
Q8BG40	74187
O55022	53328
Q9DCS3	26922
P47941	12929
P97360	14011
Q8CI11	30877
Q91YR7	68879
P22682	12402
Q9Z131	24056
P59222	224024
P06745	14751
E9Q735	140630
Q3TWN3	94219
Q9DBE9	56095
Q9Z0Y9	22259
P29595	18002
Q6R0H7	14683
P68254	22630
P17809	20525
P35980	19899
Q91VR5	104721
Q60790	19414
Q91YU6	226154
Q6P4T1	102607
Q9ER69	60532
E9PYL2	233210
Q6DFW4	55989
Q8K4I3	73341
Q8K2W3	106200
Q8CH02	70616
Q8VIJ6	71514
Q8QZT1	110446
P14824	11749
Q3UJV1	232933
Q80XL6	102632
Q8BIA4	231672
Q8BH57	67561
Q8VIK5	73182
Q8BRN9	319965
Q9ERG0	65970
P39054	13430
Q9QZR5	15258
Q8CGC7	107508
Q6PGG2	78816
Q60769	21929
Q9Z247	27055
P58006	140742
Q8BHD8	245867
Q8K298	68743
Q8VD33	218544
Q8BXA1	73124
Q791V5	56428
Q9D1J3	66118
Q9CR57	67115
P20108	11757
Q3UQN2	218503
P60904	13002
Q6A0A9	218236
P53395	13171
Q8BP67	68193
Q9QZE5	54161
Q04750	21969
Q9D6J1	67260
Q7TQG1	240753
P46935	17999
Q8CEC6	238831
Q9EP66	80885
Q9CRC8	67144
Q9WTP6	11637
Q9EQG9	68018
Q62073	26409
Q68FL6	216443
Q921M4	99412
O35250	53413
Q8BQ30	76448
Q8BKU8	72477
Q61712	13418
Q8VDP4	219158
Q9D8T7	380773
B2RUJ5	319924
Q8R016	104184
Q80YR5	224902
Q8BFR5	233870
Q810A7	72047
Q6ZWV7	66489
Q148V7	227446
P63028	22070
Q9R1P1	26446
Q61024	27053
O35295	19291
P48758	12408
P49722	19166
Q8R409	192231
Q9CQN6	66154
Q9Z2Z9	14584
Q8C4X2	70425
Q3U6N9	117171
P50636	30945
P0DP27	12313
P0DP27	12314
P0DP27	12315
Q8BSY0	65973
O08795	19089
P10922	14958
Q08639	21781
O35973	18626
O55028	12041
Q9EST3	74203
P70349	15254
Q9D735	68544
Q9CW79	76899
P99028	66576
P19157	14870
Q9WUM5	56451
Q8BK06	71538
Q6ZWR6	64009
P07214	20692
P18608	15312
Q9EQK5	78388
Q8CIS0	108723
Q8K268	27406
Q60930	22334
Q9JMH9	360013
Q8VID5	170472
O08750	18030
Q8R4X3	75710
Q91ZM2	20399
P26638	20226
Q9D0L8	67897
Q8C080	74718
Q8CDD8	66989
Q99JP0	225028
P62956	81904
Q8VCS6	192191
Q9EPE9	170759
Q8BVU0	70144
P08249	17448
O55047	24086
B2RRE7	73945
P26151	14129
Q99L20	103140
O55029	50797
P61022	56398
Q14AM7	69053
Q7TSJ2	17760
Q8K3K7	67512
Q8BFU3	235315
Q8K224	98956
Q8BGE6	66615
P03893	17717
P28867	18753
P17095	111241
P17095	15361
Q9D880	66525
O55106	268980
Q80Z25	237222
D3YXK2	224903
B2RRD7	78783
Q6A085	320683
O88441	53375
P53994	59021
Q6PGA0	214742
P63323	20042
Q62018	22083
Q8C0L9	74182
Q8BQ47	66455
P42230	20850
Q04692	13990
Q78T81	98952
P09671	20656
Q3UE17	237400
Q9DCX2	71679
Q62255	20689
Q03963	19106
O55143	11938
Q8BV79	320429
Q61595	16709
Q8BN78	56805
Q91WQ3	107271
Q6NZQ6	68744
P67871	13001
P63101	22631
Q8R4N0	69634
Q8BK03	108958
O70551	20815
Q9QZE7	53424
Q80W54	230709
Q8K248	242642
P58404	97387
P48754	12189
Q64521	14571
Q61824	11489
Q7TQI8	52808
P48771	12866
A2A7S8	97130
Q9CR25	67728
Q8K1Y2	75292
Q61586	14732
Q91XC8	223453
Q61062	13544
Q8CCP0	66244
Q9Z0W3	59015
Q6P3Y5	208968
Q99LC5	110842
Q80U59	320661
Q9JMK2	27373
Q9D3D9	66043
B2RQC6	69719
Q3THE2	67938
P48036	11747
Q8VC26	380712
O70152	13480
Q61029	21917
P28271	11428
Q8BHN3	14376
Q61334	12033
Q7TPV2	224170
P19783	12857
O09117	19027
Q07417	11409
Q5F2E8	216965
Q5FWK3	228359
Q99KX1	30853
P10518	17025
Q5PRE5	212127
P51830	11515
Q9D0E1	76936
Q9JHC9	69257
Q7TQK0	72949
Q9Z1X2	27388
P42209	54204
Q80UF7	106759
Q8K0D5	28030
O35316	21366
Q6P1D7	52864
Q5RKZ7	56738
Q61188	14056
Q6ZQ38	71902
Q9JM93	65105
P21956	17304
Q9CR68	66694
Q9JJA7	56036
Q9D1R2	100087
P28704	20182
Q9Z1F9	50995
P59281	223666
Q9CQU5	52696
Q61655	13680
Q8K1Z0	67914
Q9DAZ5	69770
P97496	20588
Q9CXW4	67025
Q6IE82	382207
Q8CE93	270711
Q8C1E7	215210
P48024	20918
Q91WM3	27966
P43407	15529
Q80TL7	67074
Q9R078	19079
P60487	57028
Q9DBR0	56399
Q8BG05	229279
P97429	11746
Q9CZ44	386649
Q9DCL4	76894
Q9Z1W9	53416
Q9D3P8	67759
Q99JB8	80708
A2A9A2	242620
Q8C0N2	231510
Q91XB0	22040
O88543	26572
Q9CPY7	66988
Q99MD6	232223
Q8CHP8	67078
Q8BX90	319448
Q8BVL3	266781
P50544	11370
Q8QZV7	71177
Q9DCS2	68347
Q80TM9	64652
Q9CZD3	353172
Q6PGC1	218629
P47955	56040
O08709	11758
Q8R0Y6	107747
Q8K2W9	74359
Q9DB43	81909
Q5U465	76041
Q8BM47	241075
Q8BJZ3	69660
P26041	17698
Q66JY2	227195
Q99J99	246221
P70670	17938
O08605	17346
Q99J39	56690
Q99MY8	192195
Q6P2K6	68734
Q9D7N9	71881
O09131	14873
Q04207	19697
Q00899	22632
Q8BMJ2	107045
Q9DCD0	110208
Q9QXG4	60525
Q3UG20	69188
O08601	17777
E9PVA8	231659
P0CB42	211064
P10711	21399
Q8BH82	242864
Q9JLM4	56364
Q8C1Z8	108943
Q6ZQ03	55935
Q9JI44	66233
Q4VA55	245631
Q9JMG3	64295
Q80TQ2	74256
Q8CHZ9	545725
Q8CES0	70646
Q9D8E6	67891
Q9D8M7	72057
Q91VV4	72121
P62897	13063
Q9D2V7	78885
Q93092	21351
Q9EQH3	65114
Q8BH74	103468
Q920N2	110948
Q99JR8	83796
Q6PCL9	216578
P14685	22123
Q9CRA8	27998
Q9JKR6	12282
P47911	19988
Q61609	20515
Q8QZS1	227095
Q3UF25	69179
Q91YT7	213541
Q8BTW8	66971
Q9ESU6	57261
Q8BHA0	225280
Q3TDQ1	68292
P97493	56551
P53986	20501
O70503	56348
Q91ZW3	93762
Q9R0E2	18822
Q3TLI0	216131
Q9QYB1	29876
Q8R4K2	266632
Q8R010	231872
Q640M1	72554
P30280	12444
Q8R1I1	66152
P62830	65019
Q9CYI0	70591
Q8C3R1	231841
P20444	18750
Q8BSM7	72401
P16125	16832
Q9Z2I8	20917
Q8K4Z6	210198
P97807	14194
Q3TRM4	50767
Q91W96	52206
Q8VEJ9	116733
Q8C796	104383
Q9DAU9	72020
Q3THG9	69684
P61807	20621
P62281	27207
P14148	19989
Q8BJA3	219150
Q91V01	14792
Q9JIM3	76251
Q9CQS8	66212
O35226	19185
Q05816	16592
Q9ESE1	80877
Q8VCT4	104158
Q8VDD5	17886
Q99MB2	67472
Q9CQA3	67680
Q05CL8	28036
P10639	22166
Q8BXK8	347722
Q6PAJ1	110279
P14602	15507
Q8K135	100317
Q8K330	245857
P28653	12111
Q99K48	53610
Q9D4H4	75723
Q920R0	74018
Q9D0F3	70361
Q8BVD5	75739
O70348	112403
P55302	16976
Q9WTP7	56248
P62301	68052
P99026	19172
P54731	14084
Q9Z1Q9	22321
Q9D7X8	110175
Q3U2S4	54644
Q6P9R2	108737
Q9CSH3	72662
Q62264	21835
Q8BVE8	107823
Q9CZV5	72195
O88351	16150
Q02819	18220
P63037	15502
Q8K039	66202
Q8K3G5	101568
Q8VCD7	76804
P24788	12537
O08759	22215
P54276	17688
P61028	235442
P55258	17274
Q3UGS4	192173
A6X8Z5	12549
Q9JJ89	108673
Q6NS82	227298
P97450	11957
Q9CV28	66960
P62717	76808
Q78PY7	56463
Q06185	11958
Q3U5C7	106042
Q9JL35	50887
O70279	27886
Q9DB20	28080
O70251	55949
Q8R1C6	239706
Q9QXY9	56535
Q6PB66	72416
O54826	17354
Q8R3F9	70044
Q9Z2E9	14705
Q9R0P4	56372
O08547	20333
P61294	270192
Q499D0	71375
Q91V83	75425
Q9CZR8	66399
Q9CQ92	66437
Q9CQX2	66427
Q91YL2	70294
Q9D032	72475
Q9DCH6	65098
Q9CYW4	72748
Q3TMW1	234582
Q80W88	239099
Q8R3N1	75416
P32020	20280
P61290	19192
Q8QZZ7	69786
Q6ZWY3	67941
Q6ZWU9	100043813
Q6ZWU9	57294
Q6PDM2	110809
Q3U1J1	69714
P51174	11363
Q9CPQ1	12864
Q99JR1	14057
P62774	14489
Q9ESJ4	80987
Q6PFH3	212123
O89090	20683
Q9DD18	66044
Q6PHZ2	108058
P27699	12916
P62918	26961
Q61550	19357
Q6PCM1	104263
Q9D1Q6	76299
O55229	12651
Q62448	13690
Q91ZJ5	216558
Q9DBL7	71743
O35623	12068
P57080	30940
Q61576	14230
Q3U2A8	68915
Q6P5D4	381644
Q9WV66	57438
Q9DBT5	109674
O08792	13592
P47963	270106
Q8CGN4	71458
O88852	22110
Q3UFK8	67457
Q9Z0P7	24069
Q64433	15528
Q9CQ10	66700
Q80Z37	106021
Q3ZT31	102141
P35821	19246
P62874	14688
P18826	18679
Q3V1L4	76952
Q922D8	108156
Q6DFV5	78455
Q6P5F6	227059
Q8BMA3	215748
P35283	19328
Q7TQK5	70829
O70133	13211
Q9CWS0	69219
P58389	110854
Q7TN29	69780
Q922T2	216760
P62852	75617
Q5DU25	245666
Q9D1Q1	68533
Q9WUA6	23797
O08582	14904
Q9D7S7	68028
Q922D4	52036
Q9DBR2	71721
Q8VEH6	226043
P29758	18242
Q63943	17261
Q56A08	209416
Q9ES18	60611
Q8C0J2	77040
Q5HZG4	209361
Q6VN19	74334
Q9CQ60	66171
P58462	108655
Q9CZM2	66480
Q8K1H1	100121
Q8CIL4	66523
Q9CQH3	66046
Q06831	20677
P97822	66471
P41105	19943
Q61187	22088
O35130	14791
P58771	22003
Q7TMY7	320727
Q9D6J6	72900
A2APF3	664799
O35111	16527
Q8VI75	75751
Q9DCH4	66085
Q80T69	229675
P51908	11810
A2APV2	71409
P35585	11767
Q9JHD1	18519
Q61543	20340
Q61009	20778
Q91ZA3	110821
P62259	22627
P83877	27366
Q8BSI6	71843
P42932	12469
Q6PAV2	67345
O35640	11752
Q29443	280705
Q99L13	58875
P24369	19035
Q8K072	72549
Q8K299	71145
Q9D172	28295
Q9WUH1	56395
Q3UHX9	227695
Q9D4H8	71745
Q921F4	72692
O08917	14251
Q99JN2	224023
P61750	11843
Q7TMK9	56403
Q9JK81	60315
P47857	18642
Q9R1T2	56459
Q61850	14234
Q8VEM8	18674
Q8R2S9	56249
P14142	20528
Q91VN6	72935
P62270	20084
Q8CI71	73288
P16332	17850
Q9D168	71793
Q9QZM0	54609
Q8BH49	231717
Q62313	22134
Q99KK9	70791
Q8C5K5	69155
Q61696	193740
Q9Z0G7	81630
Q62186	20832
P47962	100503670
P09405	17975
P03911	17719
P35700	18477
P60229	16341
Q8CHT0	212647
Q6DIC0	67155
Q9QYJ0	56445
Q9CWT3	71982
Q99P30	67528
Q9CX60	77889
Q99MN1	85305
Q3UHX0	70930
Q9DB85	101867
Q3V209	72053
Q7TMB3	53412
Q3UBX0	68539
Q9CWJ9	108147
Q7TN31	66549
O88508	13435
P62806	100041230
P62806	319155
P62806	319156
P62806	319157
P62806	319158
P62806	319159
P62806	319160
P62806	319161
P62806	320332
P62806	326619
P62806	326620
P62806	69386
P62806	97122
Q9QXK7	54451
Q3TFK5	66614
Q9QZI8	56442
Q9ES97	20168
Q3UV55	217166
B1AXD8	433693
Q6PGF7	102058
O35857	21856
Q4KML4	73112
Q9Z2R6	22248
G5E829	67972
E9Q8D0	78244
Q9EPJ9	228998
Q8BKC5	70572
P28800	282522
P56135	57423
Q9ERS2	67184
Q8C729	213056
Q8R2Y2	84004
Q00322	12609
Q78ZA7	17955
Q61382	22032
Q8BXV2	76809
Q99JF8	101739
P97351	20091
P62962	18643
Q8BGH2	68653
P84091	11773
Q8CCF0	68988
Q8C1A5	50492
P41183	12053
Q9JJK5	64209
Q7TPD1	225055
Q69ZI1	59009
Q60715	18451
Q923Z0	64297
Q8BHL5	140579
Q91WI7	101142
P50247	11615
P50247	269378
Q9D1E6	66411
Q05793	15530
Q9DCT6	104457
Q8VCW8	264895
Q01147	12912
Q99MR6	83701
O35343	16649
Q8C156	215387
P60867	67427
Q9DBU5	74132
Q80XJ2	70238
Q80SY4	225164
P36552	12892
Q3U0V1	16549
P14131	20055
P62137	19045
O08663	56307
Q9CY27	106529
O35215	13202
Q8R3P2	74198
Q8BHS8	319613
P09450	16477
Q8BYA0	108903
Q9R1Q7	18824
Q8BHZ4	233410
Q9QXE2	56626
Q9CXI5	74840
A6H6A9	29809
Q4VAA2	321022
O88792	16456
Q8K0C4	13121
Q8C0L0	52837
O35607	12168
Q91WS0	52637
Q99JT9	104923
Q99KK1	28193
Q99L02	67278
Q8CDN6	53382
Q5U5Q9	20184
Q9JKB1	50933
Q8JZX9	104252
Q3U1T3	52592
O88907	56469
P70266	18639
Q8VDM4	21762
P26618	18595
Q64321	22724
Q60649	20480
P97801	20595
Q80X73	105083
Q99LG0	74112
Q64152	218490
Q9CY50	107513
Q99J79	107986
Q99PT1	192662
Q9CYR0	381760
B1AVZ0	331487
Q9D6Y9	74185
Q3UWM4	338523
Q78IK4	68117
Q8CHU3	13855
P28667	17357
Q9ESK9	12421
Q6ZQK5	78618
G3X9J0	74206
Q8BXA7	244650
Q8R574	212627
P62077	30057
Q6PHU5	20661
Q6ZWN5	76846
Q4FK66	230596
Q6DYE8	209558
Q8CCS6	54196
O70566	54004
P42669	19290
Q7TQG0	230119
P15626	14863
O89001	12874
Q9DCI3	76205
Q8CIW6	171429
Q924N4	107723
Q9JIS8	20498
Q9DBP5	66588
O54786	13347
Q9R0T8	56489
Q91W98	100561
Q8BGW1	26383
P61255	19941
Q9D6K5	105940408
Q9D6K5	24071
Q9D620	75767
O70194	55944
Q8BXL9	320678
Q8BIZ6	76793
Q3UZ39	16978
Q99MQ1	83675
Q99MD9	50927
Q9CR21	70316
Q99L47	70356
Q7TQE6	66146
Q8K3D3	72931
Q8K2I9	50755
Q9WUR2	23986
P56565	20193
Q80YR9	72397
P24547	23918
Q9QXV1	30951
Q91VL8	57321
Q3UHA3	214585
P47757	12345
Q9D486	74440
Q8CEG5	66264
Q8BRF7	76983
O35381	11737
Q9D9V3	52665
Q01768	18103
P15532	18102
Q8BKS9	52874
P02340	22059
P62242	20116
Q8K190	67509
Q99LP6	17713
Q8VDG3	74108
Q9CQY2	67148
Q91VE0	26569
Q62440	21885
P50431	20425
Q0P5V9	106068
Q99M28	19826
Q9JJY4	53975
Q68FE2	245860
Q9Z2V4	18534
Q91WU0	234564
P63168	56455
Q9CW03	13006
P62264	20044
Q3TYA6	75339
Q6P3A8	12040
Q8BG51	59040
Q9CQ28	66632
Q9EQM6	94223
Q6RUT7	214489
P53798	14137
O08739	11717
Q8K0D0	237459
Q9CQV7	67713
Q9D1D4	68581
Q9JHS4	270166
P01108	17869
Q80TI0	235283
P97302	12013
Q9D0L7	67211
Q9Z1Z0	56041
Q60949	57915
Q61026	17978
P08228	20655
Q9CWP6	76763
B2RUR8	229603
Q4VBD2	231225
Q569Z5	212880
Q99MK8	110355
Q8BMS9	215653
Q3TZZ7	52635
P19324	12406
Q8K3G9	216190
Q6PIE5	98660
Q9ERE3	170755
Q3U3R4	76483
Q7TMF3	66414
P97864	12369
Q8VBT0	72736
Q8K0V4	232791
P32067	20823
B7ZMP1	321003
Q78HU7	71683
Q80W14	54614
P42125	13177
Q6PE01	66585
P0CG14	214987
Q8CFE3	217864
Q9CWE0	76824
Q8BUK6	320191
Q8BMI0	107035
Q80T85	320808
Q8BXZ1	67988
O35144	21750
P70460	22323
Q60710	56045
Q8R1B4	56347
Q9CQF4	67851
Q9Z0H7	12042
P56379	70257
Q9CXT8	73078
Q8K354	109857
Q99JI6	215449
P35276	19340
P18572	12215
P23249	17454
Q9CZV8	72194
Q9QXK3	54160
Q61753	236539
Q61207	19156
Q7TPM9	233315
Q9CZX5	72400
P17012	22764
Q99KP6	28000
Q9CZH7	67622
P14873	17755
Q922U1	70767
Q5SW19	74148
Q6ZQ89	223455
Q9D7B1	66369
Q61036	18481
Q7TS75	72345
Q8R146	235606
Q8BSE0	381110
Q3TQI7	227707
P43029	238057
P56812	56330
Q80YT7	83679
P70677	12367
Q9Z160	16834
Q9ER41	30934
P25916	12151
Q8CIG3	218214
Q8BPZ8	70681
Q60668	11991
Q3TVI4	71059
Q9JIL4	59020
Q8VE18	74133
Q8K2C9	57874
Q91X20	23808
Q8VCE2	74254
Q99KV1	67838
P18242	13033
Q8CH25	66660
Q8CGC4	241846
Q8CIB6	70612
Q8K1E6	69113
Q9CXY6	67781
Q9EQU5	56086
Q66L44	100503659
P62245	267019
P61161	66713
Q3TEA8	15441
Q9D824	66899
Q8R349	69957
Q9QZS8	27387
Q8BXN9	211499
Q62314	22135
O08997	11927
P70182	18720
Q9R0E1	26433
Q91VI7	107702
Q9CX66	28109
B2RQE8	71544
P22892	11765
Q9DCL9	67054
Q9EP82	57773
P51612	22591
Q8K0G5	380752
Q9DBS5	74764
Q91WK0	71268
Q9DBC7	19084
P56394	12856
Q8JZQ2	69597
Q8CBW3	11308
Q9D8N6	75660
Q9ER72	27267
O35972	19935
Q4VAA7	235406
Q9DBF7	67480
P10923	20750
Q6PB44	104831
Q8JZY2	69456
Q6PCN7	20585
O89116	53611
Q5SUF2	67684
Q91XT4	89867
A2AQH4	320376
Q9EQI8	67308
Q8BYK6	229096
Q8BGB2	225049
Q80W68	170643
Q9JLI6	50880
Q8BVR6	67610
Q8VDY4	230500
O08856	13716
P68134	11459
Q9WU78	18571
Q66JV4	77604
P14206	16785
Q62120	16452
Q9WTI7	17913
Q8CFC7	53609
Q9ESX5	245474
Q9CZX8	20085
Q8C0L6	212503
Q9DCE5	68083
P11247	17523
Q8R081	15388
Q6PEB6	19070
P46471	19181
Q8BIQ5	108062
Q6NWW9	72007
Q64674	20810
P84084	11844
Q9CQM9	30926
Q8BUL6	101476
P62196	19184
Q8C3F2	207375
Q9Z1G3	66335
P83882	19982
P83882	66483
Q9Z2N8	56456
Q9WU56	56361
Q6Y685	320165
P47758	20818
Q62431	13496
Q91YL3	68556
Q62315	16468
Q9R0Q3	56334
O55142	57808
Q9CQJ6	68184
Q6P3B9	68731
Q9D2R0	78894
Q6PIX5	13650
Q8R4E6	75029
E9PV82	74504
Q80Y84	75605
Q99J36	233802
Q6ZQM0	67338
Q69ZC8	67467
P09925	20930
P62715	19053
P18762	11555
P12813	15370
Q9JMA1	59025
P30416	14228
O55176	18744
O88665	26992
Q9QZQ8	26914
Q9Z1P7	80880
Q3USH5	231769
Q571B6	434204
P63166	22218
Q8C0D5	101592
P53668	16885
P26187	17314
Q3TX08	212528
A2AR50	241308
A2A8U2	230917
P08030	11821
Q8K2F8	67070
Q9CZH3	66506
Q91XS1	170749
Q80X41	22367
Q8BGS3	74570
Q921M7	223601
Q8CFT2	208043
A0A338P6K9	99003
Q3UL36	234023
O88978	54562
Q61122	17936
Q8BZX4	218543
Q8CAY6	110460
Q9WU40	380664
P13405	19645
O89091	21847
Q921L5	76332
Q3UD01	382423
Q9D0J4	56327
P97315	13007
O08579	13726
P68040	14694
Q9EPA7	66454
Q8BGD8	67892
Q8K1N1	67452
P84104	20383
Q9CX86	77134
Q9DC33	66867
Q9D722	66680
Q9CR76	66690
Q76I79	231637
Q80XC6	217827
Q6P5B0	107094
P53762	11863
P58281	74143
Q3U319	233900
Q641K1	67269
Q9DB70	72018
P50518	11973
Q9JII6	58810
Q9D710	66958
Q99JY8	67916
P17742	268373
Q9CXL3	73212
O54692	26951
P55012	20496
Q9D8Y8	66262
Q80X90	286940
P18155	17768
P30285	12567
Q9D5T0	67979
Q66JS6	100042807
Q9ERK4	110750
Q6TXD4	71972
Q80YD1	338359
P62880	14693
B1AZI6	331401
Q99J95	107951
Q9CQW2	67166
P62751	268449
Q9DCK4	328801
Q64339	100038882
Q6P1F6	71978
Q91V76	70984
Q91VC3	192170
Q921Q7	225870
Q91YQ5	103963
Q64012	19383
Q8VDU5	20623
Q9CWY9	69723
P84244	15078
P84244	15081
O88477	140486
Q9CXY1	72392
P61793	14745
P81069	213054
Q6P1G0	217026
P62814	11966
Q924C1	72322
Q80Y44	77591
P56395	109672
A2AVZ9	58207
Q9DB15	56282
Q62351	22042
Q8VH51	170791
P17047	16784
P49452	12617
A2AWA9	227800
Q9CQU3	67830
Q9EPL9	80911
P97311	17219
O88696	53895
Q8K4Z3	246703
P98192	14712
Q99PU8	72831
Q61140	12927
Q7TN37	68667
P67984	19934
Q64475	319178
O35379	17250
Q812A2	259302
Q8K2X3	108689
P52633	20852
P03930	17706
Q925I1	108888
Q6NZR2	235184
Q8BKH7	227743
Q9D8W5	66997
Q8BLH7	233876
Q9CQX8	66128
Q8BX10	72542
Q9D0T1	20826
P61082	22192
Q8CI03	224613
Q9D023	70456
Q6PDC0	242819
Q91VJ4	106504
Q99J45	192292
Q5XJY5	213827
Q9Z110	56454
Q9R1P0	26441
P21107	59069
Q91WD5	226646
Q62141	20467
Q3U0K8	270086
Q9D479	71101
Q9DBY8	67459
O70311	18108
P26516	17463
Q9Z0J0	67963
P15209	18212
Q8VE19	252875
Q3U155	232236
P63158	15289
Q64345	15959
Q5SFM8	225432
Q9CR51	66290
Q9DBR3	74125
Q3TKY6	67285
O55103	19153
Q80Y81	68626
Q64514	22019
Q8BH65	211922
Q8BWS5	243385
Q8BQS4	329739
Q791T5	56462
P28658	54138
A2RSQ0	320560
Q6P9N1	84652
Q9QZD4	50505
P62858	54127
Q3THK7	229363
P11983	21454
Q8BG32	69077
Q99LY9	595136
Q9R1X5	27416
Q9DBG3	71770
Q9Z1B3	18795
P26350	19231
Q8BL06	78787
Q9CRD2	66736
Q8BMA6	217337
Q5SV77	217039
Q8BHJ9	193116
Q8C9H6	320609
P24668	17113
Q61147	12870
P70268	320795
Q8BHK9	236930
B2RQC2	76800
P59598	228790
Q99K51	102866
P70335	19877
P56212	59046
P60840	56205
Q02248	12387
Q3TT38	224647
Q9CXG3	67418
Q99MQ4	66695
Q8R0G9	234865
P51150	19349
Q3TQB2	235169
Q01320	21973
Q6NXN1	213491
Q99KY4	231580
Q9Z0N1	26905
Q3UMR5	215999
Q3UKU1	192657
Q9JIF7	70349
P20065	19241
Q6ZWY8	19240
Q80SY5	66921
Q9CZP7	67072
Q9CQE6	66403
Q60596	22594
Q9CZW5	28185
Q9WVL0	14874
Q91ZD1	107587
O35682	50918
O08586	19211
Q9DBG6	20014
O55222	16202
Q9WUD1	56424
Q8BG81	73826
Q80YQ2	70208
P26043	19684
Q8C181	105559
Q2VPQ9	70088
P43136	13864
O35625	12005
P70297	20844
Q8BU33	216136
Q3UMY5	78798
E9Q3E1	621603
Q9D0E3	217779
Q6ZWM4	76522
Q8C7E9	83410
Q80U30	74374
Q9R1Z7	19286
Q8R3F5	223722
P09602	15331
Q9JMD1	54650
Q9D0V7	55960
Q9EP69	83493
Q5SWW4	327987
Q9DBR1	24128
Q9WV80	56440
Q91X58	68818
A6X919	244745
Q91WK2	68135
Q8R050	14852
P70424	13866
Q921Z5	106869
Q9QZH6	26940
Q9D7W5	80509
Q52KR3	353211
Q5I012	72055
P83917	12412
P35383	18442
Q8CIC2	231042
Q99JP4	66440
Q8BJW6	229317
Q62425	17992
Q61545	14030
O88559	17283
Q8C0I1	228061
Q8BX80	217364
Q91XV3	70350
P39689	12575
Q9CYZ8	66970
P35951	16835
Q99LL5	103136
Q9D7N3	69527
Q8R0L9	101206
Q05186	19672
Q8BH97	52377
Q9ESJ1	63955
Q8BU00	67143
Q9CPS6	66847
P42208	18000
O55091	16210
Q3UQU0	105246
Q9JKV1	56436
Q9QZ08	56174
Q8K207	69399
Q5XKN4	67767
Q8R2U6	71207
P97371	19186
Q9D1R9	619547
Q9D1R9	68436
Q8BKT3	330361
Q9D8X2	234388
Q8C1Y8	231874
Q8R4D1	77031
Q3TMX7	227638
O88273	23893
Q8BHG9	106143
O55128	20220
Q6P6M7	211006
Q9JHU9	71780
Q61699	15505
Q60753	13019
Q80Y86	332110
Q9JLB2	56217
Q5SW75	237860
Q9DAR7	69305
Q60865	53872
P97372	19188
P97372	621823
Q7TSH6	224432
Q8BW72	230674
P14115	26451
Q8BK64	217737
Q02614	57230
O55131	235072
Q8C0P7	98403
Q9D3U0	74467
Q8VCB1	72787
Q9CQS5	67045
A2AIV2	66185
Q9CWZ3	60365
Q91VX2	68926
P58801	192656
Q5I043	235323
P00405	17709
Q8BY89	68682
Q64327	17256
Q8VE22	64656
Q3TWF6	545085
E9Q6B2	668158
Q9CQR2	66481
Q9DCS9	68342
Q8BKZ9	27402
Q7JJ13	14312
Q91VJ2	109042
P08551	18039
Q8C739	242297
Q7TNC9	212111
Q3THW5	77605
Q8VCG3	107071
P70207	18845
Q8K1X1	207425
Q7TNC4	192196
Q8BJ71	71805
Q4ZJN1	239126
Q8BFU2	319162
P70303	55936
Q505D1	105522
Q8BR63	100101807
Q8BR63	73385
Q8BZW8	66866
Q8BYC6	330177
Q9Z1T1	11774
Q9JIY5	64704
Q9D4C5	74427
Q9CVB6	76709
Q9CR00	67151
A2AUM9	99100
Q62048	18611
P62075	30055
Q924L1	68614
Q9CWW7	74322
Q8K1N4	72572
Q61214	13548
Q8BMI3	260302
P97377	12566
P70122	66711
O09112	18218
P47740	11671
Q9DBN9	67997
Q9Z2U0	26444
Q01405	20334
Q9CZ30	67059
Q6PDG8	72825
Q5HZH2	68327
Q924A0	21416
Q9ERE8	80889
P45591	12632
Q9CYX7	67223
Q9D1M0	110379
Q8C4P0	230259
Q91WC0	52690
Q8BMB3	26987
Q9CR29	52715
Q9QXX0	16449
P51863	11972
Q6EJB6	195434
Q9EPW0	269180
Q99PV0	192159
Q8CHG3	70297
Q8C0C7	66590
Q6P1B1	170750
Q9DCJ5	68375
Q61097	16706
Q9QYY8	50850
Q80WM9	230979
D3YYU8	98733
Q9R190	23942
Q80VM4	68490
Q8CCH2	212114
Q8C6G8	226757
P53811	56305
Q9D2M8	70620
Q9CZY3	66589
Q99J31	94190
Q80UG5	53860
P34022	19385
O70146	21754
P97440	20492
P57746	73834
Q62432	17126
Q99J09	70465
P62862	14109
Q6IQX8	69890
Q6P1H1	225912
P11157	20135
Q99LH1	230737
Q8K341	73242
Q8VEB1	14773
Q8CHW4	224045
P46460	18195
Q61161	26412
Q6GQT9	211548
O54734	13200
B2RR83	240255
P0CL69	353310
Q2TPA8	72479
O35609	24045
Q3TUL7	75763
P45376	11677
Q922W5	209027
Q3UJU9	67809
Q9Z2U4	56501
P82349	24051
Q923D2	233016
Q6ZWV3	110954
Q61074	14208
Q9DBU0	74140
O70374	12396
Q91WL6	74479
Q9CQH7	70533
Q9D067	17245
Q9D159	77037
Q9DBZ5	73830
Q99KB8	14651
Q9WTX5	21402
Q61469	19012
Q63ZW7	12695
Q00560	16195
P99029	54683
Q7TQI3	107260
Q9JI99	81535
Q99KU0	75909
Q99M08	67704
Q9DAZ9	72008
Q810B6	11736
E9PXF8	319934
Q9CR41	67693
O08919	18223
Q8BR65	71954
Q99JI4	66413
Q9D6J3	72886
P70441	26941
Q3TIV5	69082
Q8CCH7	22762
Q8VEB3	52392
Q9DC51	14679
P97855	27041
Q8R516	76580
Q9CZ42	69225
Q9DA19	66935
Q8VE42	56503
Q5DTM8	109331
Q60772	12580
Q9CWK3	70233
O54941	57376
Q5HZJ0	14000
Q5SZT7	66707
Q61553	14086
Q3U3Q1	71742
Q60862	18393
P35762	12520
O88572	16974
Q9ERA6	54723
Q9WVJ2	23997
Q60714	26457
Q8CGU1	67488
Q8BHN5	241490
Q8BPM2	399510
P35979	269261
Q9ERE7	67943
Q7TMV1	75841
P70453	18583
Q9QXX8	27275
Q8R5F7	71586
Q9WV60	56637
Q9Z191	14051
Q91Z38	66827
Q9D0M1	67763
Q9R257	15199
Q9D7P6	66383
Q8BHG1	230598
Q9ESD7	26903
Q6ZQB6	227399
Q80U87	84092
Q673H1	69136
Q8C6E0	216618
Q80YR7	269582
P37913	16881
Q8BGQ1	104799
Q8BH86	217830
Q8C3S2	272538
P42232	20851
Q8VDC1	17281
Q8R1S9	69354
Q99KZ6	67778
O88811	56324
Q6TYB5	225020
Q9CRC6	66439
Q60980	16599
P97817	12585
Q8R5A6	223754
Q61249	18518
Q8CBQ5	67073
Q9CZ91	67222
Q922H1	71974
Q8BVI4	110391
Q9CQQ8	66094
Q9JJF9	66552
Q9D0D3	67440
Q00519	22436
Q91V41	68365
Q8VBT1	378431
P12763	280988
P13808	20535
Q60692	19175
Q9ESW4	69923
Q9CQZ1	68196
Q80X32	78521
Q6Q477	381290
Q9EQQ9	76055
Q8VCT9	230661
P70178	20475
Q9DBL9	67469
P61957	170930
P43406	16410
P62305	20643
Q61493	19714
Q7TMA4	107221
Q61739	16403
P35293	19330
Q9WU84	12460
Q9QXD1	93732
P70168	16211
Q64331	17920
Q8C0Q2	320799
P10852	17254
O88895	15183
Q60670	17691
E9Q4Z2	100705
Q6P8X1	72183
Q9Z1D9	67235
Q8BMQ2	269252
Q8R059	74246
Q9Z315	20227
Q9JLV5	26554
P36993	19043
O88878	22682
Q99LF4	28088
Q9CZB3	72167
Q6T264	103806
Q9Z108	20853
Q921N6	228889
P28660	50884
E9Q8I9	320365
Q8CHG5	68497
Q9QZS2	19822
Q06138	12283
Q2PFD7	234353
Q9Z2D6	17257
Q6GQT6	235623
Q9CQ36	66979
Q9DC04	50780
Q3U2P1	77371
Q99LQ1	217588
Q61481	18573
Q9CRA5	66629
Q7TSV4	66681
Q8K284	233863
Q62093	20382
Q9JJU8	56726
B2B9E1	208820
Q7TMB8	20430
Q8BFY9	238799
P46414	12576
Q9Z2I0	56384
P17426	11771
Q8BWG8	109689
P63276	20068
Q9CQ25	72083
Q80U70	52615
P15920	21871
Q6ZQI3	109154
Q9CSN1	66354
Q9WVB2	21886
Q9Z127	20539
Q9DC16	67458
Q61206	18475
Q7TMI3	109113
Q62074	18759
Q6P4T2	320632
Q5FWH2	74154
P25799	18033
Q5SYL3	72503
Q3V3R1	270685
Q91YT2	193670
Q3UIR3	209200
Q9DC70	75406
Q8K389	214444
Q810V0	67973
Q3UDE2	223723
Q80WT5	216549
P11531	13405
Q60972	19646
Q8VE65	66464
Q8CI59	68428
Q5SPL2	268448
Q7TS63	380993
Q9Z1M8	24010
Q61081	12539
Q8K088	241322
Q8JZN5	229211
Q60996	26931
Q62172	19765
Q8R1X6	229285
Q80W00	52040
Q6PD29	101023
Q3TYD6	231876
Q9QZS3	18222
Q9WTX2	23992
Q8R0K9	104394
Q923B6	117167
O35942	18005
P70372	15568
Q922Q2	71340
P17697	280750
Q9DB91	67224
Q9R1C0	24074
Q60989	11798
Q5SSI6	217109
Q8QZR5	76282
P97313	19090
Q8R322	74412
Q69ZQ2	57905
P68037	22195
Q8BVA4	93689
Q4G0F8	170644
Q9CZ04	26894
Q6GQX2	380969
Q9EPR4	54338
P62700	383295
P61021	19344
E9PUQ8	227333
Q9CQB2	68241
O35445	54197
Q9Z1K8	20540
Q8BGI7	109245
Q3UFB2	229937
Q99LI5	226442
Q08274	13401
P58742	223921
P70336	19878
Q6P8I4	76302
Q9WTK5	18034
Q8CGE9	71729
Q9CQD1	271457
O89023	12751
Q6P1C6	320398
E9Q9R9	71228
Q8R0E5	76416
Q9D0C4	76357
Q8VC51	216853
Q8BRK8	108079
Q99K46	236733
Q5U4D8	330064
Q4LDD4	69710
P56183	18114
F8VPZ9	243842
O54825	53414
P47930	14284
Q91Z49	69823
Q6ZQF0	235559
Q9EPS3	93683
Q6NXK2	328977
P97767	14048
Q924Z5	170829
P11881	16438
P61967	11769
Q8CH72	69807
Q99PI4	64899
Q8VE70	56426
Q9CPU0	109801
P52483	22193
Q9JJW0	59038
Q91VM9	74776
Q9JMG7	29877
Q80VI1	384309
Q8R5J9	65106
Q6ZPE2	77980
E9Q942	108934
P62322	66373
Q6PGC7	215436
Q6DID3	106583
Q8BH15	78893
Q8K0T4	231912
Q9CXE7	73130
P56376	66204
Q62230	20612
Q922H9	30932
Q8BMK0	70012
Q80Y24	243548
P85094	664994
Q9CWX9	67755
Q8K4Z5	67465
Q8CIG8	27374
Q9DAM1	71827
Q9JLQ2	26431
P60469	76787
Q8BK30	78330
Q8BP78	70567
Q6NVF9	432508
P84089	13877
Q9WTX6	26965
P56716	19888
Q924H2	94112
Q9DBA9	14884
Q8VCX2	228875
Q9D706	71919
Q8VC70	56516
Q8BQR4	69612
P47811	26416
Q8BGS1	226352
Q5XKE5	338785
P26883	14225
Q8VC34	231571
Q9R1J0	18194
P17427	11772
Q80UZ2	231452
Q9WUK6	30928
Q9Z0F6	19367
Q9Z2W0	13437
Q5Y5T5	27801
Q3UFY8	52575
P80317	12466
P60766	12540
P55772	12495
Q9EQZ7	116838
Q9CQ80	28084
Q8K1A6	212139
Q80UV9	270627
Q8VBV7	108679
Q921M3	101943
Q9D902	68153
Q6P6I6	28015
P25446	14102
Q9QYI5	56812
Q8C2B3	56233
Q9JHE7	56844
Q9CQP8	67077
P27046	17158
Q7TSH2	102093
O35218	51786
Q07076	11750
Q8R3B1	18799
Q5S006	66725
P27661	15270
Q91W34	233913
Q9CVI2	68152
Q8BIE6	209630
Q9CWU4	66421
Q8CE96	66926
Q9Z2L6	17330
Q62219	21804
P70324	21386
Q5D1E7	230738
O54784	13144
P57784	68981
O08553	12934
O55033	17974
O35182	17130
P48725	18541
Q9WV32	11867
P63213	14702
Q9JLI8	53890
Q9QY36	56292
Q8CAA7	70974
Q8N7N6	103213
O55060	22017
P58802	103724
Q8R2R3	66939
P14069	20200
Q9CR78	66665
Q91X43	27059
Q99KD5	101869
P43346	13178
Q91VD9	227197
P50543	20195
Q99LX0	57320
Q99LI7	228410
Q61151	26932
A1A5B6	209815
Q8CGB3	72565
Q01149	12843
A2AJ15	227619
Q9CSU0	70470
O88939	16969
O70172	18718
Q91W82	218793
Q9Z1J1	21415
Q6IRU2	326618
Q3U2I3	74349
Q3UFM5	433864
Q91Z46	235584
Q9CWL8	66642
Q6P8M1	69694
P84099	19921
Q8CHH9	20362
Q3UMQ8	234344
Q8BK35	68077
P48428	21371
Q91VU7	78697
Q8R5C8	66505
Q99JZ0	228765
Q9DBH0	66894
Q9R062	27357
Q6P7W2	192192
O35864	26754
Q02085	20613
Q9CY57	66511
Q80YA3	114874
Q8K0V2	233805
Q62394	22673
Q9CQE7	66366
Q9R0P6	56529
P70280	20955
Q8C0D9	216543
Q61792	16796
Q9JIF3	56017
O70252	15369
Q60775	13709
Q9R1R2	55992
P97333	18186
Q8BU31	72065
Q9WV30	54446
Q5DTT2	73728
Q8VDU0	76123
P97461	20103
Q8K4L0	71990
P30999	12388
P26687	22160
Q9CPV4	67201
Q8CHY6	234366
Q9R0P5	56431
P97813	18806
Q80W93	244653
O70589	12361
Q9R0M6	56382
Q8VED2	117197
Q9WVH3	54601
P01045	280833
Q3U6K5	67946
Q8VED5	223917
Q99LM2	80280
Q9D708	67860
Q8R0A7	234797
D2EAC2	667118
Q5H8C4	271564
P63328	19055
Q8BGK6	330836
Q7TMX5	72171
Q61599	11857
P62500	21807
Q8CFV9	54391
Q9CZA6	67203
Q8VEB4	192654
Q3U3N6	78777
Q9WUK4	19718
Q99J21	94178
Q8VD12	29813
P08207	20194
O88851	26450
Q7M732	353326
O35344	16648
P18872	14681
Q6ZPL9	67848
Q91W90	105245
Q69ZF3	230101
O55013	27096
P30412	19038
Q62376	20637
Q8C1B7	52398
A2A4P0	217207
P59328	218973
Q60634	14252
P26231	12385
Q9DBU3	66878
P33215	17997
Q31125	14977
Q3UE37	268470
Q5DTW7	67246
Q0VBM2	208994
Q9CXZ1	17993
B2RX88	211660
Q03147	12572
Q9D2C2	78935
Q8C7V3	105372
Q8R332	71844
Q9DBE0	246277
P62484	329165
Q6NV66	233905
Q9CRB0	69226
P48193	269587
Q8BKC8	107650
Q06180	19255
Q5U430	68795
Q8CGA2	100855
Q8CG76	110198
Q8N1N4	196374
Q9DBX2	67466
P12787	12858
P09055	16412
Q99KF1	67511
Q9D7M1	76425
Q8C1S0	381379
Q8K2V1	70351
Q9D071	72199
Q60700	26404
Q9QYI3	56354
Q9CZ96	67197
P28574	17187
Q8C878	22200
Q921R7	74102
P63013	18933
Q3TN34	231830
Q99KJ8	69654
B1AUE5	668173
Q8K3K8	71648
P62849	20088
Q80T11	16470
A2CG49	545156
Q5PRF0	320487
Q5K6N0	381107
Q6NZK8	218232
Q62388	11920
Q08857	12491
O70481	22222
Q64378	14229
O09061	19170
Q3V0C5	170707
P62307	69878
Q8C0D7	28019
Q6P1G2	30841
P97352	20196
P81067	16373
Q6ZQ88	99982
Q8K0H5	24075
P61924	56447
P15497	281631
Q9R059	14201
A2A6T1	237988
Q8CB62	216846
Q9R1T4	56526
Q07113	16004
A2AAY5	268396
P61089	93765
Q63810	19058
Q6JPI3	76199
Q61572	17300
Q9WUM4	23790
Q8BYH8	109151
Q3SZ57	506011
O08999	16997
Q6ZQ29	381921
O35615	22761
P56391	110323
Q9CR60	66964
Q8BH93	218975
P70202	17035
Q9Z0H4	14007
Q9D3X5	66768
Q9EPL8	233726
Q8CHH5	210982
Q61471	22057
Q9WTX8	17120
Q9D823	100502825
Q9D823	67281
Q99LB0	76233
Q9CWH1	73680
Q76N33	76630
Q2VPU4	208104
Q3UFF7	226791
Q60770	20912
Q8BHR2	239188
Q64512	19249
Q62422	20409
Q9QXD8	29806
Q7TQF2	269529
Q8CC27	12296
P63002	14797
Q9DB30	68961
Q64669	18104
Q61602	14634
P61087	53323
Q8VI33	108143
Q3TGW2	67484
Q9D6K7	67515
Q5DW34	77683
Q9D8V7	66286
Q8VDP3	171580
Q8BVF2	68833
Q8C351	244864
Q64442	20322
O35185	20893
Q80SW1	229709
Q68FL4	74340
Q60I26	235633
P61963	71833
Q8R3P7	76779
Q9DAW9	71994
Q8CGF6	99512
O88322	18074
P02769	280717
Q9CR95	67602
P18111	12590
P63058	21833
Q9JM73	20807
Q6ZPF4	22379
Q6PF93	225326
Q8BM75	71371
Q8CI15	20698
O54992	17165
A2AM05	338349
Q9QZB7	56444
Q8K2J7	100532
Q08024	12400
Q8VEB2	64010
P98203	11877
Q9ERT9	58200
Q04899	18557
Q7TSG1	225523
Q6P5D3	106794
Q80ST9	75782
Q3TRR0	213582
Q8BN59	67557
A2AT37	326622
Q9R1K9	26370
Q9WV92	13823
Q6NXY1	210544
Q69Z66	320713
Q9Z0S5	60363
P18828	20969
O70494	20687
Q9D0R8	268490
Q8BFS6	223978
Q9D842	72103
P12660	18545
Q3TYS2	217370
O89084	18577
Q9QZD9	54709
Q8K2Y0	72486
Q8CDJ8	77057
Q91YT8	208795
P09535	16002
Q9QYE0	56711
P70206	18844
Q8BFX3	226823
Q3U0J8	67016
Q91XI1	224907
E9Q7F2	108937
O09110	26397
Q9JKZ2	53881
Q9WUK2	22384
P02469	16777
P54279	18861
A2A3V1	338351
Q6PCM2	18130
Q9EPZ6	76365
P63073	13684
Q9JHJ0	50875
Q9DB28	117109
P49717	17217
P30282	12445
Q7TSE6	232533
Q62441	21888
Q8R0F5	209003
P11352	14775
Q924T3	108138
Q8K1J6	70047
A2A699	217219
Q99JP6	26558
O54940	12175
Q8C4M7	71876
Q60953	18854
Q69ZB8	227449
Q9JLM8	13175
Q7TNV0	110052
Q8K0F1	67581
Q9Z1Q5	114584
Q9DAS9	14701
Q91W67	69459
P56546	13017
Q07174	26410
Q62415	21981
Q3URQ0	269536
Q8VCH5	227746
Q80TA6	268783
Q8BQS5	68465
P43352	19365
Q91VY9	52521
P39688	14360
Q8K199	66531
P98195	50771
Q69Z38	244895
Q924S8	114715
Q9JKX4	56321
Q05A36	240396
Q9JIG8	54637
Q9D3E6	20842
Q8BJH1	67306
O35387	23897
Q61574	14239
Q8C3W1	69551
Q6NZK5	225289
Q61789	16774
Q9Z2Q6	18951
Q69ZN7	226101
Q3UM18	224092
Q3UH60	239667
Q91XA2	105348
Q9JKP8	93696
Q8VI59	104401
P09528	14319
O35245	18764
Q9Z2E1	17191
Q8K4T3	227154
Q8VDI7	98766
Q3UFY0	224823
A3KGV1	18286
Q61967	22751
Q9JK24	59032
Q80Y98	72108
Q8VE92	66704
Q8BHN1	353170
Q5U5M8	232946
Q8BGT0	14628
Q8BGY4	234378
P28741	16568
Q6NS45	320234
Q8BLB7	237339
Q920A7	114896
Q8C115	213556
Q9D0M5	68097
Q7TN79	432442
Q8R0N6	76187
Q61554	14118
P15379	12505
E9Q286	218333
Q9WVE8	23970
Q80YE7	69635
Q91VC7	68458
Q921L8	231050
Q8VCM3	68520
D3Z2R5	74777
Q9WV72	65257
Q8BN58	268970
Q8CFL8	67538
Q0PHV7	629378
Q60829	19049
P61971	68051
O35516	18129
P28740	16563
Q6VGS5	68339
Q8BML9	97541
Q99LJ6	67305
Q8CJ12	237175
Q8BUV6	72290
P82347	24052
Q8BVQ5	72590
Q9CQZ6	66495
Q91ZV8	78560
P70339	14296
Q9D7Z3	70078
O35664	15976
Q924W7	76954
Q1W617	208431
Q3URU2	18616
Q9CZX9	68032
Q9ERD6	78255
Q8CI75	208718
Q8BU03	110816
Q61179	16391
Q9QXS6	56320
Q8K1A5	233724
Q3TC93	58240
Q62188	22240
Q99MX1	83563
O88342	22388
Q99MV7	30054
Q640N2	68146
P97467	18484
Q8K2A1	70676
Q6ZPK0	192285
Q9WVB0	19663
Q8BM85	271981
P97499	21745
Q9CR89	67456
Q9WTN3	20787
Q8CID0	228714
Q8BLD6	77318
P02463	12826
Q8VCZ2	235135
Q8BL74	71752
A2AHJ4	382236
Q9QZ05	27103
Q3UHC0	217351
Q78PG9	67179
Q8CEC0	19069
Q6IFT4	244867
Q9DCF9	67437
Q8C0Z1	106581
Q91V24	27403
P16254	20813
Q8BHS6	71703
Q9R0A5	23954
D3YZV8	434130
P70362	22230
Q8C854	17876
Q9D030	13345
Q6ZPG2	106618
P52927	15364
P56960	50912
Q60954	17268
Q8BWL5	207181
Q8BUV8	277463
Q6P5D8	74355
Q9DC53	66871
Q8BGS0	67920
Q8CG19	268977
Q08376	22666
Q3UBG2	98496
Q80W49	224273
Q61166	13589
Q8K2T8	54624
Q9D0I4	67727
Q91YI1	51897
Q9JJZ4	56228
Q6KAS7	225207
P13595	17967
Q3THK3	98053
Q8K124	102595
Q91W92	104445
P12265	110006
Q9R1Z8	20410
P53569	12607
Q811S7	22221
Q8BPM0	208846
P18911	19411
P50516	11964
O35177	18003
Q8CC12	68968
Q9R1Y5	15248
Q8K249	217306
Q8BLG0	228829
Q99JT2	70415
P55288	12552
Q8VHR0	73173
Q3TZX8	74035
Q7TPW1	68810
Q61909	12395
P97452	12181
Q9QXT0	56530
Q5U464	230837
P58069	114713
Q921W0	234852
Q14C51	69956
Q9WTR5	12554
Q9D011	66308
Q99J27	11416
Q3TTA7	208650
Q61142	20729
Q5SQF8	50724
Q8VHG2	27494
A0A1W2P884	100038725
O35188	20312
Q80YX1	21923
Q6A039	209478
P70414	20541
Q9WVA4	21346
Q99JX4	98221
Q9CZ52	69538
P10605	13030
Q9CQF9	66881
Q8C8R3	109676
O54917	50496
Q9D8C8	69871
Q8CB44	223752
A8C756	240174
Q68FH0	227937
Q8BMJ3	66235
Q8BKG3	71461
Q9JLG8	50817
O70326	23892
Q01338	11551
Q80WR5	97159
Q9JKF6	58235
Q9CZB6	66213
P28828	19274
Q9D1C2	73739
Q3UHF3	218613
Q9JJA9	56149
Q6ZPF3	24001
P97445	12286
Q6NZA9	407786
Q80U19	76441
Q91YE3	112405
Q9CZT4	26939
Q80TS3	319387
Q4FZC9	212073
Q9JHG6	54720
P56873	56390
Q8K2X1	231287
P35822	19272
Q8K0E1	233107
P11276	14268
Q8C650	103080
O89079	59042
Q8BPU7	140580
Q8BXG3	73916
Q62371	18214
Q8CHK4	81601
Q6ZPV2	68142
O54804	12660
Q9CRA9	67529
Q05BC3	68519
O88520	56392
P70662	16825
Q6KAU7	101497
Q3UHK1	239606
Q32NY4	94218
Q8K3H0	72993
Q6PDI6	235461
P41361	540261
Q03145	13836
Q8R2U7	77809
Q8R1G6	213019
P11087	12842
P60670	217365
Q91V98	70445
Q3U1Y4	229541
P20357	17756
Q8BPB0	68473
P41971	13713
Q149C2	74019
Q922H7	68939
Q64261	12571
Q7TSY8	68549
Q80Y55	100383
Q8BWY3	225363
Q9CWR7	70358
Q9D0K1	72129
Q9CYR6	109785
Q9R1X4	21853
Q9R0H0	11430
P28656	53605
Q9JHI7	50911
Q80UJ1	381203
P55041	14579
Q91V14	57138
Q9D4F2	74411
Q9CPP0	18150
P70390	20429
P07141	12977
O08791	13593
Q8R344	72654
Q2PZL6	329628
Q60695	19731
Q9DBS8	67463
Q7TQC7	67769
Q8VCB3	232493
Q3U821	73674
O88587	12846
Q91WV0	13486
Q8VCZ6	105835
A7MCT6	214253
Q9EQJ9	99470
B2RXS4	140570
Q9DCM0	66071
Q9CX97	67936
Q6PER3	100732
Q62011	14726
Q3UHI4	382620
Q9R194	12953
Q99J78	23854
Q3TV65	68047
Q8VCJ6	211577
P37889	14115
Q3THJ3	69860
O70258	20392
Q9DB96	68966
Q810J8	217695
O70583	17318
Q9WUU9	54387
Q9CPX6	67841
Q8K0Q5	73910
Q8BYH7	233204
P56402	11827
Q8BJM3	52013
Q9R002	26388
P63011	19339
P32261	11905
Q8BH58	226591
Q9D2U5	78304
F8VPZ5	319955
Q8CGC6	68272
A3KGB4	245638
O09053	22427
O09130	18020
Q8C7D2	58799
Q3UQS8	73713
A2RSY1	226976
Q61038	14744
Q3U1J4	13194
P02662	282208
O35425	51800
Q8R1S4	211401
Q3TB48	320534
Q6ZQ06	382090
P15327	12183
Q8CDJ3	100504663
Q91WQ5	102162
Q5M956	106931
Q6WQJ1	269060
Q8BHB4	269470
P19973	16985
Q8BSP2	52683
P59941	50721
Q9CXW3	12301
Q8BTG3	320554
A3KFM7	71389
Q61666	15260
Q8R138	231633
Q91VK1	66912
Q9D1X9	77975
Q6VVW5	230103
P08046	13653
Q8R184	73847
